{
  "containerBackgroundColor": {
    "r": 0.77647,
    "g": 0.62353,
    "b": 0.64706,
    "a": 0.4
  },
  "buttonBackgroundColor": {
    "r": 0.54509807,
    "g": 0.42745098,
    "b": 0.6117647,
    "a": 1.0
  },
  "buttonHoverColor": {
    "r": 0.7764706,
    "g": 0.58431375,
    "b": 0.6862745,
    "a": 1.0
  },
  "buttonClickColor": {
    "r": 0.15294118,
    "g": 0.15294118,
    "b": 0.26666668,
    "a": 1.0
  }
}